Row number,Year,Stlkey,Vessel code,Station,Setno,Gear,IPHC Reg Area,IPHC Stat Area,IPHC Charter Region,Purpose Code,Date,Eff,Ineffcde,BeginLat,BeginLon,BeginDepth (fm),EndLat,EndLon,EndDepth (fm),MidLat fished,MidLon fished,AvgDepth (fm),Lat - Grid target,Lon - Grid target,O32 Pacific halibut count,U32 Pacific halibut count,O32 Pacific halibut weight,U32 Pacific halibut weight,No. skates set,No. skates hauled,Avg no. hook/skate,Effective skates hauled,Soak time (min.),Profiler Lat,Profiler Lon,Profiler Bottom Depth (m),Temp C,Max Pressure (db),pH,Salinity PSU,Sigma-t,Oxygen_ml,Oxygen_umol,Oxygen_sat
1,2023,20230001,PEN,2331,1,Fixed Hook,2B,134,Charlotte,Standard Grid,27-May-23,Y,,54.34970,-130.27550,30,54.32170,-130.31970,22,54.3357,-130.2977,28,54.333,-130.298,3,0,122,0,8,8,99,7.95,461,,,,,,,,,,,
2,2023,20230002,PEN,2152,2,Fixed Hook,2B,134,Charlotte,Standard Grid,27-May-23,Y,,54.18520,-130.59250,63,54.15080,-130.57550,46,54.1680,-130.5840,61,54.167,-130.583,17,37,392,258,8,8,99,7.95,682,,,,,,,,,,,
3,2023,20230003,PEN,2324,3,Fixed Hook,2B,133,Charlotte,Standard Grid,28-May-23,Y,,53.98900,-130.84100,36,53.99050,-130.90430,44,53.9898,-130.8727,40,54.000,-130.867,9,32,188,212,8,8,99,7.95,486,,,,,,,,,,,
4,2023,20230004,PEN,2318,4,Fixed Hook,2B,133,Charlotte,Standard Grid,28-May-23,Y,,53.83330,-131.12170,25,53.83330,-131.18530,25,53.8333,-131.1535,26,53.833,-131.149,34,44,620,343,8,8,99,7.95,578,,,,,,,,,,,
5,2023,20230005,PEN,2322,5,Fixed Hook,2B,133,Charlotte,Standard Grid,28-May-23,Y,,53.99970,-131.17650,20,53.99980,-131.11200,20,53.9997,-131.1442,20,54.000,-131.150,20,57,447,423,8,8,98,7.87,694,,,,,,,,,,,
6,2023,20230006,PEN,2343,6,Fixed Hook,2B,133,Charlotte,Standard Grid,29-May-23,Y,,53.99980,-131.37630,13,54.00000,-131.44130,9,54.0000,-131.4088,11,54.000,-131.432,81,25,"1,777",200,8,8,99,7.95,461,,,,,,,,,,,
7,2023,20230007,PEN,2316,7,Fixed Hook,2B,133,Charlotte,Standard Grid,29-May-23,Y,,53.83320,-131.40700,10,53.83320,-131.47380,9,53.8332,-131.4405,10,53.833,-131.432,47,16,"1,308",123,8,8,99,7.95,561,,,,,,,,,,,
8,2023,20230008,PEN,2320,8,Fixed Hook,2B,133,Charlotte,Standard Grid,29-May-23,Y,,53.83370,-131.67870,9,53.83330,-131.74420,10,53.8335,-131.7115,8,53.833,-131.716,16,3,415,28,8,8,99,7.95,647,,,,,,,,,,,
9,2023,20230009,PEN,2314,9,Fixed Hook,2B,133,Charlotte,Standard Grid,30-May-23,Y,,53.65870,-131.73820,8,53.65850,-131.67200,11,53.6587,-131.7050,10,53.667,-131.716,31,2,776,14,8,8,98,7.87,485,,,,,,,,,,,
10,2023,20230010,PEN,2312,10,Fixed Hook,2B,121,Charlotte,Standard Grid,30-May-23,Y,,53.66650,-131.47280,11,53.66680,-131.40900,11,53.6667,-131.4408,11,53.666,-131.429,35,6,790,53,8,8,100,8.03,596,,,,,,,,,,,
11,2023,20230011,PEN,2308,11,Fixed Hook,2B,121,Charlotte,Standard Grid,30-May-23,Y,,53.49980,-131.67020,15,53.49950,-131.73400,12,53.4997,-131.7020,12,53.499,-131.707,43,7,"1,513",60,8,8,99,7.95,707,,,,,,,,,,,
12,2023,20230012,PEN,2302,12,Fixed Hook,2B,121,Charlotte,Standard Grid,31-May-23,Y,,53.33370,-131.72630,11,53.33300,-131.65930,11,53.3333,-131.6928,10,53.332,-131.703,32,4,"1,312",39,8,8,99,7.95,449,,,,,,,,,,,
13,2023,20230013,PEN,2304,13,Fixed Hook,2B,121,Charlotte,Standard Grid,31-May-23,Y,,53.33350,-131.45270,14,53.33320,-131.38800,14,53.3333,-131.4203,14,53.333,-131.425,52,8,"1,307",70,8,8,99,7.95,553,,,,,,,,,,,
14,2023,20230014,PEN,2309,14,Fixed Hook,2B,121,Charlotte,Standard Grid,31-May-23,Y,,53.49970,-131.40500,12,53.49980,-131.47050,13,53.4997,-131.4378,13,53.499,-131.427,17,4,388,35,8,8,99,7.95,643,,,,,,,,,,,
15,2023,20230015,PEN,2317,15,Fixed Hook,2B,122,Charlotte,Standard Grid,01-Jun-23,Y,,53.81420,-130.29920,89,53.85030,-130.30130,114,53.8323,-130.3003,104,53.833,-130.301,3,1,105,7,8,8,99,7.95,909,,,,,,,,,,,
16,2023,20230016,PEN,2315,16,Fixed Hook,2B,122,Charlotte,Standard Grid,01-Jun-23,Y,,53.84970,-130.04200,90,53.82330,-130.00200,94,53.8365,-130.0220,92,53.833,-130.019,0,0,0,0,8,8,100,8.03,488,,,,,,,,,,,
17,2023,20230017,PEN,2147,17,Fixed Hook,2B,133,Charlotte,Standard Grid,02-Jun-23,Y,,53.66600,-130.54270,20,53.66700,-130.60700,355,53.6665,-130.5748,42,53.667,-130.583,10,32,150,222,8,8,100,8.03,527,,,,,,,,,,,
18,2023,20230018,PEN,2148,18,Fixed Hook,2B,121,Charlotte,Standard Grid,02-Jun-23,Y,,53.65300,-130.82580,27,53.67180,-130.88450,23,53.6625,-130.8552,25,53.667,-130.867,6,58,178,418,8,8,99,7.95,640,,,,,,,,,,,
19,2023,20230019,PEN,2150,19,Fixed Hook,2B,121,Charlotte,Standard Grid,02-Jun-23,Y,,53.83300,-130.89120,50,53.83450,-130.82900,52,53.8337,-130.8602,46,53.833,-130.867,8,25,124,178,8,8,99,7.95,735,,,,,,,,,,,
20,2023,20230020,VNI,2256,1,Fixed Hook,2B,81,Vancouver Outside,Standard Grid,28-May-23,Y,,50.85100,-127.66370,11,50.81750,-127.63200,206,50.8343,-127.6478,68,50.833,-127.685,3,1,102,8,8,8,99,7.95,465,,,,,,,,,,,
21,2023,20230021,VNI,2041,2,Fixed Hook,2B,91,Vancouver Outside,Standard Grid,28-May-23,Y,,50.99950,-127.91870,62,51.00020,-127.97950,62,50.9998,-127.9492,62,51.000,-127.950,5,13,296,81,8,8,99,7.95,593,,,,,,,,,,,
22,2023,20230022,VNI,2043,3,Fixed Hook,2B,91,Vancouver Outside,Standard Grid,29-May-23,Y,,51.16520,-127.89750,68,51.16680,-127.95800,75,51.1660,-127.9277,67,51.167,-127.933,11,22,172,159,8,8,99,7.95,458,,,,,,,,,,,
23,2023,20230023,VNI,2042,4,Fixed Hook,2B,91,Vancouver Outside,Standard Grid,29-May-23,Y,,50.99800,-128.18800,58,50.99970,-128.25080,50,50.9988,-128.2193,55,51.000,-128.217,15,18,434,107,8,8,99,7.95,543,,,,,,,,,,,
24,2023,20230024,VNI,2040,5,Fixed Hook,2B,91,Vancouver Outside,Standard Grid,30-May-23,Y,,50.83370,-128.50000,38,50.83220,-128.39380,31,50.8330,-128.4468,31,50.833,-128.467,49,53,"1,140",381,8,8,99,7.95,490,,,,,,,,,,,
25,2023,20230025,VNI,2038,6,Fixed Hook,2B,90,Vancouver Outside,Standard Grid,30-May-23,N,DS,50.66550,-128.43550,50,50.66530,-128.49430,58,50.6653,-128.4648,51,50.667,-128.467,13,43,271,292,8,8,98,7.87,589,,,,,,,,,,,
26,2023,20230026,VNI,2039,7,Fixed Hook,2B,90,Vancouver Outside,Standard Grid,30-May-23,Y,,50.66600,-128.70600,99,50.66530,-128.76400,110,50.6657,-128.7350,105,50.667,-128.733,2,6,27,34,8,8,99,7.95,687,,,,,,,,,,,
27,2023,20230027,VNI,2037,8,Fixed Hook,2B,90,Vancouver Outside,Standard Grid,31-May-23,Y,,50.51750,-128.44830,99,50.47600,-128.44680,104,50.4968,-128.4475,101,50.500,-128.450,14,17,238,120,8,8,99,7.95,474,,,,,,,,,,,
28,2023,20230028,VNI,2035,9,Fixed Hook,2B,80,Vancouver Outside,Standard Grid,31-May-23,Y,,50.33300,-128.20950,93,50.33350,-128.14900,75,50.3332,-128.1793,85,50.333,-128.183,53,75,772,640,8,8,99,7.95,615,,,,,,,,,,,
29,2023,20230029,VNI,2242,10,Fixed Hook,2B,80,Vancouver Outside,Standard Grid,01-Jun-23,Y,,50.18820,-127.93930,38,50.14950,-127.93880,32,50.1688,-127.9390,29,50.167,-127.922,28,33,684,239,8,8,99,7.95,444,,,,,,,,,,,
30,2023,20230030,VNI,2034,11,Fixed Hook,2B,80,Vancouver Outside,Standard Grid,01-Jun-23,Y,,50.00050,-127.69270,52,49.99930,-127.63300,44,50.0000,-127.6628,47,50.000,-127.667,42,84,772,601,8,8,99,7.95,556,,,,,,,,,,,
31,2023,20230031,VNI,2237,12,Fixed Hook,2B,80,Vancouver Outside,Standard Grid,02-Jun-23,Y,,49.83220,-127.12530,18,49.83330,-127.18750,27,49.8328,-127.1563,21,49.833,-127.150,23,21,587,157,8,8,99,7.95,474,,,,,,,,,,,
32,2023,20230032,VNI,2032,13,Fixed Hook,2B,80,Vancouver Outside,Standard Grid,02-Jun-23,Y,,49.83350,-127.37100,44,49.83350,-127.43170,41,49.8335,-127.4013,42,49.833,-127.400,28,29,725,225,8,8,98,7.87,575,,,,,,,,,,,
33,2023,20230033,VNI,2033,14,Fixed Hook,2B,80,Vancouver Outside,Standard Grid,02-Jun-23,Y,,49.83230,-127.63920,82,49.83250,-127.69720,138,49.8325,-127.6682,96,49.833,-127.667,15,8,272,53,8,8,99,7.95,714,,,,,,,,,,,
34,2023,20230034,VNI,2248,15,Fixed Hook,2B,80,Vancouver Outside,Standard Grid,03-Jun-23,Y,,50.46180,-128.21000,49,50.46080,-128.15120,30,50.4613,-128.1807,38,50.500,-128.183,16,17,360,125,8,8,99,7.95,436,,,,,,,,,,,
35,2023,20230035,VNI,2247,16,Fixed Hook,2B,80,Vancouver Outside,Standard Grid,03-Jun-23,Y,,50.48850,-127.75830,57,50.50680,-127.70300,64,50.4977,-127.7307,61,50.499,-127.660,16,7,666,49,8,8,99,7.95,550,,,,,,,,,,,
36,2023,20230066,STW,2283,1,Fixed Hook,2B,103,St. James,Standard Grid,29-May-23,Y,,52.85170,-129.21630,72,52.81420,-129.21620,,52.8330,-129.2162,55,52.833,-129.215,26,42,502,293,9,9,70,5.97,491,,,,,,,,,,,
37,2023,20230067,STW,2279,2,Fixed Hook,2B,103,St. James,Standard Grid,29-May-23,Y,,52.67270,-128.94980,44,52.63420,-128.94980,36,52.6533,-128.9498,76,52.666,-128.943,11,13,247,98,8,8,98,7.87,464,,,,,,,,,,,
38,2023,20230068,STW,2103,3,Fixed Hook,2B,102,St. James,Standard Grid,30-May-23,Y,,52.18500,-129.76650,103,52.14580,-129.76650,112,52.1655,-129.7665,111,52.167,-129.767,15,10,268,85,8,8,99,7.95,486,,,,,,,,,,,
39,2023,20230069,STW,2104,4,Fixed Hook,2B,102,St. James,Standard Grid,30-May-23,Y,,52.18400,-130.04930,87,52.14870,-130.04980,94,52.1663,-130.0497,90,52.167,-130.050,24,44,432,336,8,8,98,7.87,653,,,,,,,,,,,
40,2023,20230070,STW,2096,5,Fixed Hook,2B,102,St. James,Standard Grid,30-May-23,N,GI,52.01980,-130.04980,78,51.98970,-130.04950,79,52.0047,-130.0497,78,52.000,-130.050,6,33,87,245,8,8,95,7.63,914,,,,,,,,,,,
41,2023,20230071,STW,2271,6,Fixed Hook,2B,110,St. James,Standard Grid,31-May-23,Y,,51.98000,-131.13350,66,52.01550,-131.13300,25,51.9977,-131.1333,39,52.000,-131.137,44,13,"1,348",115,8,8,97,7.79,575,,,,,,,,,,,
42,2023,20230072,STW,2274,7,Fixed Hook,2B,110,St. James,Standard Grid,31-May-23,Y,,52.14800,-131.41630,260,52.18400,-131.41670,96,52.1660,-131.4165,191,52.167,-131.417,0,1,0,6,8,8,98,7.87,781,,,,,,,,,,,
43,2023,20230073,STW,2273,8,Fixed Hook,2B,110,St. James,Standard Grid,01-Jun-23,Y,,52.18550,-131.13280,10,52.14800,-131.13420,21,52.1668,-131.1335,17,52.166,-131.138,8,2,223,17,8,8,97,7.79,477,,,,,,,,,,,
44,2023,20230074,STW,2107,9,Fixed Hook,2B,112,St. James,Standard Grid,01-Jun-23,Y,,52.18550,-130.86500,118,52.14870,-130.86650,129,52.1670,-130.8658,124,52.167,-130.867,28,9,580,64,8,8,96,7.71,466,,,,,,,,,,,
45,2023,20230075,STW,2093,10,Fixed Hook,2B,112,St. James,Standard Grid,03-Jun-23,Y,,51.87200,-130.86670,88,51.83330,-130.86670,105,51.8527,-130.8667,94,51.833,-130.867,16,4,732,30,8,4,95,3.84,539,,,,,,,,,,,
46,2023,20230076,STW,2099,11,Fixed Hook,2B,112,St. James,Standard Grid,03-Jun-23,Y,,52.01870,-130.86670,122,51.97880,-130.86680,88,51.9987,-130.8667,102,52.000,-130.867,29,19,496,160,8,8,97,7.79,658,,,,,,,,,,,
47,2023,20230077,STW,2098,12,Fixed Hook,2B,112,St. James,Standard Grid,03-Jun-23,N,GI,52.01800,-130.71650,127,51.98780,-130.58330,155,52.0028,-130.6500,133,52.000,-130.583,10,3,199,29,8,4,97,3.75,818,,,,,,,,,,,
48,2023,20230079,STW,2091,13,Fixed Hook,2B,102,St. James,Standard Grid,04-Jun-23,Y,,51.85280,-130.31650,119,51.82230,-130.31680,121,51.8377,-130.3167,120,51.833,-130.317,78,29,"1,681",252,8,8,100,8.03,670,,,,,,,,,,,
49,2023,20230080,STW,2092,14,Fixed Hook,2B,102,St. James,Standard Grid,04-Jun-23,Y,,51.81370,-130.58170,170,51.85630,-130.60030,166,51.8350,-130.5910,163,51.833,-130.583,24,16,341,137,8,5,98,4.92,817,,,,,,,,,,,
50,2023,20230108,VNI,2233,17,Fixed Hook,2B,80,Vancouver Outside,Standard Grid,07-Jun-23,Y,,49.68700,-127.61620,330,49.64700,-127.60970,327,49.6670,-127.6128,325,49.667,-127.667,0,0,0,0,8,8,99,7.95,454,,,,,,,,,,,
51,2023,20230109,VNI,2031,18,Fixed Hook,2B,80,Vancouver Outside,Standard Grid,07-Jun-23,Y,,49.68600,-127.40300,78,49.64650,-127.38970,158,49.6662,-127.3963,103,49.667,-127.400,38,15,677,127,8,8,99,7.95,567,,,,,,,,,,,
52,2023,20230110,VNI,2030,19,Fixed Hook,2B,70,Vancouver Outside,Standard Grid,08-Jun-23,Y,,49.68280,-127.14830,62,49.64420,-127.14800,66,49.6635,-127.1482,63,49.667,-127.150,2,26,39,199,8,8,99,7.95,438,,,,,,,,,,,
53,2023,20230111,VNI,2029,20,Fixed Hook,2B,70,Vancouver Outside,Standard Grid,08-Jun-23,Y,,49.51780,-127.15000,79,49.47770,-127.14820,81,49.4977,-127.1490,80,49.500,-127.150,18,37,234,269,8,8,99,7.95,536,,,,,,,,,,,
54,2023,20230112,VNI,2028,21,Fixed Hook,2B,70,Vancouver Outside,Standard Grid,08-Jun-23,Y,,49.47970,-126.88230,53,49.51780,-126.88220,43,49.4987,-126.8823,49,49.500,-126.883,10,63,189,396,8,8,99,7.95,636,,,,,,,,,,,
55,2023,20230113,VNI,2024,22,Fixed Hook,2B,70,Vancouver Outside,Standard Grid,09-Jun-23,Y,,49.29750,-126.60120,53,49.29680,-126.66450,60,49.2972,-126.6328,56,49.333,-126.633,3,9,30,71,8,8,99,7.95,434,,,,,,,,,,,
56,2023,20230114,VNI,2023,23,Fixed Hook,2B,70,Vancouver Outside,Standard Grid,09-Jun-23,Y,,49.35170,-126.39120,19,49.31370,-126.38200,24,49.3327,-126.3865,21,49.333,-126.383,10,18,191,134,8,8,99,7.95,507,,,,,,,,,,,
57,2023,20230116,VNI,2221,24,Fixed Hook,2B,70,Vancouver Outside,Standard Grid,10-Jun-23,Y,,49.16580,-126.10830,23,49.16780,-126.16870,28,49.1668,-126.1385,24,49.167,-126.133,10,1,346,8,8,8,98,7.87,426,,,,,,,,,,,
58,2023,20230117,VNI,2017,25,Fixed Hook,2B,70,Vancouver Outside,Standard Grid,10-Jun-23,Y,,49.00050,-126.35600,73,49.00050,-126.41720,80,49.0005,-126.3867,76,49.000,-126.383,0,0,0,0,8,8,100,8.03,530,,,,,,,,,,,
59,2023,20230118,VNI,2019,26,Fixed Hook,2B,70,Vancouver Outside,Standard Grid,10-Jun-23,Y,,49.16620,-126.40820,50,49.16630,-126.35230,43,49.1662,-126.3802,46,49.167,-126.383,1,8,12,58,8,8,99,7.95,629,,,,,,,,,,,
60,2023,20230122,VNI,2232,27,Fixed Hook,2B,70,Vancouver Outside,Standard Grid,11-Jun-23,Y,,49.66730,-126.17880,180,49.66630,-126.12070,176,49.6668,-126.1497,193,49.666,-126.127,0,0,0,0,8,8,99,7.95,448,,,,,,,,,,,
61,2023,20230125,VNI,2012,28,Fixed Hook,2B,60,Vancouver Outside,Standard Grid,12-Jun-23,Y,,48.83420,-125.64880,28,48.83370,-125.59070,23,48.8338,-125.6198,24,48.833,-125.617,35,10,"1,178",84,8,8,99,7.95,419,,,,,,,,,,,
62,2023,20230126,VNI,2213,29,Fixed Hook,2B,60,Vancouver Outside,Standard Grid,12-Jun-23,Y,,48.83270,-125.42100,46,48.83300,-125.36420,39,48.8328,-125.3925,37,48.833,-125.383,5,2,160,16,8,8,99,7.95,525,,,,,,,,,,,
63,2023,20230144,PEN,2313,20,Fixed Hook,2B,121,Charlotte,Standard Grid,05-Jun-23,Y,,53.66620,-131.18330,24,53.66670,-131.11770,27,53.6663,-131.1505,25,53.666,-131.148,24,37,517,274,8,8,99,7.95,462,,,,,,,,,,,
64,2023,20230145,PEN,2311,21,Fixed Hook,2B,121,Charlotte,Standard Grid,05-Jun-23,Y,,53.50030,-131.17770,17,53.50050,-131.11200,25,53.5005,-131.1448,21,53.500,-131.147,27,23,740,158,8,8,98,7.87,579,,,,,,,,,,,
65,2023,20230146,PEN,2145,22,Fixed Hook,2B,121,Charlotte,Standard Grid,05-Jun-23,Y,,53.50000,-130.90180,49,53.49970,-130.83800,51,53.4998,-130.8700,50,53.500,-130.867,13,28,232,212,8,8,99,7.95,700,,,,,,,,,,,
66,2023,20230147,PEN,2142,23,Fixed Hook,2B,121,Charlotte,Standard Grid,06-Jun-23,Y,,53.35100,-130.94280,59,53.31120,-130.94100,52,53.3312,-130.9420,52,53.333,-130.867,19,60,264,411,8,8,100,8.03,468,,,,,,,,,,,
67,2023,20230148,PEN,2305,24,Fixed Hook,2B,121,Charlotte,Standard Grid,06-Jun-23,Y,,53.33320,-131.18420,16,53.33300,-131.11830,21,53.3330,-131.1512,18,53.333,-131.146,33,24,853,188,8,8,99,7.95,521,,,,,,,,,,,
68,2023,20230149,PEN,2297,25,Fixed Hook,2B,121,Charlotte,Standard Grid,06-Jun-23,Y,,53.16730,-131.18580,18,53.16620,-131.11830,19,53.1667,-131.1520,17,53.166,-131.145,30,10,748,79,8,8,99,7.95,641,,,,,,,,,,,
69,2023,20230150,PEN,2296,26,Fixed Hook,2B,121,Charlotte,Standard Grid,07-Jun-23,Y,,53.16680,-131.44400,14,53.16680,-131.37880,17,53.1668,-131.4115,16,53.166,-131.422,36,2,"1,294",19,8,8,98,7.87,474,,,,,,,,,,,
70,2023,20230151,PEN,2295,27,Fixed Hook,2B,121,Charlotte,Standard Grid,07-Jun-23,Y,,53.16670,-131.63480,8,53.16680,-131.56980,13,53.1667,-131.6023,12,53.166,-131.686,30,8,969,72,8,8,99,7.95,549,,,,,,,,,,,
71,2023,20230152,PEN,2288,28,Fixed Hook,2B,121,Charlotte,Standard Grid,07-Jun-23,Y,,53.00000,-131.44670,8,53.00020,-131.38650,12,53.0000,-131.4167,10,53.000,-131.409,33,3,"1,355",23,8,8,100,8.03,691,,,,,,,,,,,
72,2023,20230153,PEN,2292,29,Fixed Hook,2B,121,Charlotte,Standard Grid,08-Jun-23,Y,,52.99970,-130.90780,19,53.00000,-130.84570,37,52.9998,-130.8767,23,53.000,-130.867,24,16,631,134,8,8,99,7.95,493,,,,,,,,,,,
73,2023,20230154,PEN,2139,30,Fixed Hook,2B,121,Charlotte,Standard Grid,08-Jun-23,Y,,53.16680,-130.90870,53,53.16620,-130.84130,65,53.1665,-130.8750,57,53.167,-130.867,7,20,153,163,8,8,99,7.95,590,,,,,,,,,,,
74,2023,20230155,PEN,2136,31,Fixed Hook,2B,112,Charlotte,Standard Grid,08-Jun-23,Y,,52.99970,-130.61680,67,52.99980,-130.55250,50,52.9997,-130.5847,52,53.000,-130.583,14,68,187,499,8,8,99,7.95,726,,,,,,,,,,,
75,2023,20230156,PEN,2133,32,Fixed Hook,2B,112,Charlotte,Standard Grid,09-Jun-23,Y,,52.83320,-130.55120,66,52.83400,-130.61330,61,52.8335,-130.5822,63,52.833,-130.583,6,31,80,249,8,8,99,7.95,492,,,,,,,,,,,
76,2023,20230157,PEN,2134,33,Fixed Hook,2B,112,Charlotte,Standard Grid,09-Jun-23,Y,,52.83370,-130.83520,33,52.83380,-130.89650,26,52.8338,-130.8658,29,52.833,-130.867,40,30,695,205,8,8,99,7.95,601,,,,,,,,,,,
77,2023,20230158,PEN,2131,34,Fixed Hook,2B,112,Charlotte,Standard Grid,09-Jun-23,Y,,52.66670,-130.90350,49,52.66680,-130.83930,55,52.6667,-130.8713,51,52.667,-130.867,35,102,"1,109",711,8,8,100,8.03,716,,,,,,,,,,,
78,2023,20230159,PEN,2129,35,Fixed Hook,2B,112,Charlotte,Standard Grid,10-Jun-23,Y,,52.48120,-131.13030,47,52.51820,-131.13570,95,52.4997,-131.1330,53,52.500,-131.133,60,53,"1,098",420,8,8,100,8.03,551,,,,,,,,,,,
79,2023,20230160,PEN,2130,36,Fixed Hook,2B,112,Charlotte,Standard Grid,10-Jun-23,Y,,52.50000,-131.44700,62,52.50020,-131.38030,90,52.5002,-131.4137,72,52.500,-131.417,19,5,443,44,8,8,99,7.95,638,,,,,,,,,,,
80,2023,20230161,PEN,2132,37,Fixed Hook,2B,112,Charlotte,Standard Grid,10-Jun-23,Y,,52.66670,-131.16200,48,52.66680,-131.10070,40,52.6667,-131.1313,39,52.667,-131.133,36,55,845,401,8,8,99,7.95,739,,,,,,,,,,,
81,2023,20230162,PEN,2287,38,Fixed Hook,2B,112,Charlotte,Standard Grid,11-Jun-23,Y,,52.83250,-131.09680,15,52.83430,-131.15970,14,52.8335,-131.1283,14,52.833,-131.133,34,18,"1,173",142,8,8,96,7.71,484,,,,,,,,,,,
82,2023,20230163,PEN,2285,39,Fixed Hook,2B,121,Charlotte,Standard Grid,11-Jun-23,Y,,52.83350,-131.37980,97,52.83330,-131.44180,72,52.8335,-131.4108,77,52.833,-131.409,32,2,"1,397",15,8,8,99,7.95,621,,,,,,,,,,,
83,2023,20230164,PEN,2289,40,Fixed Hook,2B,121,Charlotte,Standard Grid,11-Jun-23,Y,,52.99980,-131.17920,16,52.99930,-131.11620,18,52.9997,-131.1477,15,53.000,-131.144,47,10,"1,307",93,8,8,100,8.03,741,,,,,,,,,,,
84,2023,20230266,VNI,2007,30,Fixed Hook,2B,60,Vancouver Outside,Standard Grid,16-Jun-23,Y,,48.66650,-125.14420,37,48.66630,-125.09180,31,48.6663,-125.1180,33,48.667,-125.117,35,4,"1,130",33,8,8,99,7.85,492,,,,,,,,,,,
85,2023,20230267,VNI,2209,31,Fixed Hook,2B,60,Vancouver Outside,Standard Grid,16-Jun-23,Y,,48.64920,-124.83700,12,48.61050,-124.83650,27,48.6298,-124.8367,21,48.666,-124.865,9,1,255,7,8,8,99,7.95,552,,,,,,,,,,,
86,2023,20230268,VNI,2208,32,Fixed Hook,2B,60,Vancouver Outside,Standard Grid,16-Jun-23,Y,,48.50070,-125.11130,79,48.50130,-125.17550,68,48.5010,-125.1435,73,48.500,-125.132,5,3,89,26,8,8,100,8.03,652,,,,,,,,,,,
87,2023,20230269,VNI,2003,33,Fixed Hook,2B,60,Vancouver Outside,Standard Grid,17-Jun-23,Y,,48.50150,-125.41850,57,48.50000,-125.36070,79,48.5008,-125.3897,74,48.500,-125.383,10,15,131,124,8,8,99,7.95,523,,,,,,,,,,,
88,2023,20230270,VNI,2008,34,Fixed Hook,2B,60,Vancouver Outside,Standard Grid,17-Jun-23,Y,,48.66620,-125.41270,34,48.66630,-125.36080,37,48.6662,-125.3867,33,48.667,-125.383,46,50,"1,103",359,8,8,99,7.95,621,,,,,,,,,,,
89,2023,20230271,VNI,2009,35,Fixed Hook,2B,60,Vancouver Outside,Standard Grid,17-Jun-23,Y,,48.66820,-125.60570,75,48.66650,-125.66850,48,48.6673,-125.6372,58,48.667,-125.633,9,4,203,35,8,8,99,7.95,720,,,,,,,,,,,
90,2023,20230272,VNI,2013,36,Fixed Hook,2B,60,Vancouver Outside,Standard Grid,18-Jun-23,Y,,48.83330,-125.91120,35,48.83500,-125.85550,30,48.8342,-125.8833,31,48.833,-125.883,40,12,"1,315",86,8,8,100,8.03,472,,,,,,,,,,,
91,2023,20230273,VNI,2217,37,Fixed Hook,2B,60,Vancouver Outside,Standard Grid,18-Jun-23,Y,,48.99980,-125.85670,21,48.99930,-125.91900,26,48.9997,-125.8878,22,49.000,-125.883,34,16,"1,000",133,8,8,99,7.95,584,,,,,,,,,,,
92,2023,20230274,VNI,2016,38,Fixed Hook,2B,60,Vancouver Outside,Standard Grid,18-Jun-23,Y,,49.00150,-126.16020,34,48.99900,-126.11100,41,49.0002,-126.1357,37,49.000,-126.133,24,27,504,190,8,8,99,7.95,691,,,,,,,,,,,
93,2023,20230275,VNI,2018,39,Fixed Hook,2B,70,Vancouver Outside,Standard Grid,19-Jun-23,Y,,49.00070,-126.60670,186,49.00050,-126.66680,114,49.0005,-126.6367,121,49.000,-126.633,4,4,84,25,8,8,99,7.95,459,,,,,,,,,,,
94,2023,20230276,VNI,2218,40,Fixed Hook,2B,70,Vancouver Outside,Standard Grid,19-Jun-23,Y,,48.99950,-126.83930,282,48.99950,-126.89550,355,48.9995,-126.8675,312,49.000,-126.883,0,0,0,0,8,8,99,7.95,592,,,,,,,,,,,
95,2023,20230277,VNI,2020,41,Fixed Hook,2B,70,Vancouver Outside,Standard Grid,19-Jun-23,Y,,49.16430,-126.65820,68,49.16500,-126.60130,61,49.1647,-126.6297,66,49.167,-126.633,7,19,84,150,8,8,100,8.03,713,,,,,,,,,,,
96,2023,20230278,VNI,2021,42,Fixed Hook,2B,70,Vancouver Outside,Standard Grid,20-Jun-23,Y,,49.16570,-126.85620,88,49.16550,-126.91070,107,49.1655,-126.8835,96,49.167,-126.883,6,13,70,103,8,8,100,8.03,455,,,,,,,,,,,
97,2023,20230279,VNI,2026,43,Fixed Hook,2B,70,Vancouver Outside,Standard Grid,20-Jun-23,Y,,49.33350,-127.17370,112,49.33270,-127.11230,90,49.3330,-127.1430,99,49.333,-127.150,19,20,302,146,8,8,99,7.95,563,,,,,,,,,,,
98,2023,20230280,VNI,2025,44,Fixed Hook,2B,70,Vancouver Outside,Standard Grid,20-Jun-23,Y,,49.33150,-126.91200,80,49.33250,-126.85530,71,49.3320,-126.8837,75,49.333,-126.883,27,58,343,461,8,8,99,7.95,687,,,,,,,,,,,
99,2023,20230281,VNI,2027,45,Fixed Hook,2B,70,Vancouver Outside,Standard Grid,21-Jun-23,Y,,49.50020,-126.60870,20,49.50100,-126.66920,26,49.5005,-126.6388,23,49.500,-126.633,9,9,215,72,8,8,99,7.95,401,,,,,,,,,,,
100,2023,20230297,PEN,2165,41,Fixed Hook,2B,132,Charlotte,Standard Grid,15-Jun-23,Y,,54.33330,-132.83220,204,54.33300,-132.90230,229,54.3332,-132.8672,214,54.333,-132.867,7,16,197,97,8,8,99,7.95,531,,,,,,,,,,,
101,2023,20230298,PEN,2156,42,Fixed Hook,2B,130,Charlotte,Standard Grid,15-Jun-23,Y,,54.15200,-133.15100,28,54.19280,-133.14930,43,54.1725,-133.1502,40,54.167,-133.150,51,140,891,934,8,8,99,7.95,607,,,,,,,,,,,
102,2023,20230299,PEN,2326,43,Fixed Hook,2B,132,Charlotte,Standard Grid,15-Jun-23,Y,,54.16670,-132.90420,19,54.16630,-132.84050,27,54.1665,-132.8723,23,54.166,-132.866,6,119,94,707,8,8,99,7.95,701,,,,,,,,,,,
103,2023,20230300,PEN,2155,44,Fixed Hook,2B,132,Charlotte,Standard Grid,16-Jun-23,Y,,54.16670,-132.53870,48,54.16750,-132.60400,44,54.1672,-132.5713,45,54.167,-132.567,4,81,91,451,8,8,98,7.87,512,,,,,,,,,,,
104,2023,20230301,PEN,2164,45,Fixed Hook,2B,132,Charlotte,Standard Grid,16-Jun-23,Y,,54.33330,-132.54900,144,54.33320,-132.61380,149,54.3333,-132.5813,144,54.333,-132.583,7,13,138,95,8,8,98,7.87,611,,,,,,,,,,,
105,2023,20230302,PEN,2154,46,Fixed Hook,2B,132,Charlotte,Standard Grid,16-Jun-23,Y,,54.16720,-132.31780,54,54.16720,-132.24980,47,54.1672,-132.2838,49,54.167,-132.283,2,17,31,107,8,8,101,8.11,707,,,,,,,,,,,
106,2023,20230303,PEN,2153,47,Fixed Hook,2B,132,Charlotte,Standard Grid,17-Jun-23,Y,,54.16750,-131.96620,42,54.16670,-132.03470,36,54.1672,-132.0003,38,54.167,-132.000,1,49,16,303,8,8,100,8.03,488,,,,,,,,,,,
107,2023,20230304,PEN,2163,48,Fixed Hook,2B,132,Charlotte,Standard Grid,17-Jun-23,Y,,54.33280,-132.27020,123,54.33380,-132.33750,117,54.3333,-132.3038,115,54.333,-132.300,39,50,938,313,8,8,99,7.95,619,,,,,,,,,,,
108,2023,20230305,PEN,2162,49,Fixed Hook,2B,132,Charlotte,Standard Grid,17-Jun-23,Y,,54.33350,-132.05580,139,54.33350,-131.99000,134,54.3335,-132.0230,136,54.333,-132.017,15,4,563,32,8,8,98,7.87,749,,,,,,,,,,,
109,2023,20230306,PEN,2161,50,Fixed Hook,2B,132,Charlotte,Standard Grid,18-Jun-23,Y,,54.33300,-131.68170,98,54.33320,-131.74400,109,54.3330,-131.7128,102,54.333,-131.717,24,17,342,131,8,8,98,7.87,585,,,,,,,,,,,
110,2023,20230307,PEN,2172,51,Fixed Hook,2B,132,Charlotte,Standard Grid,18-Jun-23,Y,,54.49950,-131.69530,181,54.50050,-131.76470,186,54.5000,-131.7300,184,54.500,-131.733,6,1,181,5,8,8,99,7.95,692,,,,,,,,,,,
111,2023,20230308,PEN,2171,52,Fixed Hook,2B,133,Charlotte,Standard Grid,18-Jun-23,Y,,54.49930,-131.46900,61,54.49870,-131.40700,71,54.4990,-131.4380,68,54.500,-131.433,78,43,"1,432",356,8,8,100,8.03,761,,,,,,,,,,,
112,2023,20230309,PEN,3009,53,Fixed Hook,2B,142,Charlotte,Standard Grid,19-Jun-23,Y,,54.66700,-131.07630,44,54.66670,-131.14550,122,54.6668,-131.1108,82,54.667,-131.133,16,68,258,505,8,8,100,8.03,533,,,,,,,,,,,
113,2023,20230310,PEN,3008,54,Fixed Hook,2B,142,Charlotte,Standard Grid,19-Jun-23,Y,,54.67620,-130.80880,165,54.65470,-130.86600,151,54.6653,-130.8375,150,54.667,-130.833,9,9,393,57,8,8,100,8.03,608,,,,,,,,,,,
114,2023,20230311,PEN,2170,55,Fixed Hook,2B,133,Charlotte,Standard Grid,19-Jun-23,Y,,54.49980,-131.18370,72,54.50020,-131.11550,78,54.5000,-131.1497,74,54.500,-131.150,9,9,150,60,8,8,99,7.95,706,,,,,,,,,,,
115,2023,20230312,PEN,2332,56,Fixed Hook,2B,134,Charlotte,Standard Grid,20-Jun-23,Y,,54.33950,-130.86650,39,54.30400,-130.86870,108,54.3217,-130.8677,95,54.333,-130.864,25,35,404,250,8,8,99,7.95,464,,,,,,,,,,,
116,2023,20230313,PEN,2327,57,Fixed Hook,2B,133,Charlotte,Standard Grid,20-Jun-23,Y,,54.16680,-130.85820,44,54.16670,-130.92720,50,54.1668,-130.8927,48,54.167,-130.864,20,44,326,333,8,8,99,7.95,566,,,,,,,,,,,
117,2023,20230314,PEN,2328,58,Fixed Hook,2B,133,Charlotte,Standard Grid,20-Jun-23,Y,,54.16620,-131.11500,17,54.16450,-131.17850,14,54.1653,-131.1467,16,54.167,-131.150,28,44,443,306,8,8,100,8.03,665,,,,,,,,,,,
118,2023,20230315,PEN,2329,59,Fixed Hook,2B,133,Charlotte,Standard Grid,21-Jun-23,Y,,54.16580,-131.46470,10,54.16650,-131.40050,14,54.1662,-131.4325,12,54.167,-131.433,21,35,371,255,8,8,99,7.95,508,,,,,,,,,,,
119,2023,20230316,PEN,2160,60,Fixed Hook,2B,133,Charlotte,Standard Grid,21-Jun-23,Y,,54.31020,-131.42030,69,54.34520,-131.44320,104,54.3277,-131.4318,89,54.333,-131.433,24,52,311,427,8,8,99,7.95,625,,,,,,,,,,,
120,2023,20230317,PEN,2159,61,Fixed Hook,2B,133,Charlotte,Standard Grid,21-Jun-23,Y,,54.31370,-131.14930,31,54.35380,-131.15200,37,54.3337,-131.1507,34,54.333,-131.150,13,73,192,567,8,8,99,7.95,706,,,,,,,,,,,
121,2023,20230318,STW,2277,16,Fixed Hook,2B,112,St. James,Standard Grid,10-Jun-23,Y,,52.33330,-131.13370,24,52.33330,-131.07380,68,52.3333,-131.1038,61,52.334,-131.133,14,6,429,49,8,8,100,8.03,523,,,,,,,,,,,
122,2023,20230319,STW,2114,17,Fixed Hook,2B,112,St. James,Standard Grid,10-Jun-23,Y,,52.35250,-130.86670,78,52.31220,-130.86700,88,52.3323,-130.8668,82,52.333,-130.867,27,41,391,320,8,8,98,7.87,673,,,,,,,,,,,
123,2023,20230320,STW,2120,18,Fixed Hook,2B,112,St. James,Standard Grid,10-Jun-23,Y,,52.51830,-130.86680,61,52.47920,-130.86630,57,52.4988,-130.8665,60,52.500,-130.867,52,53,"1,007",420,8,8,97,7.79,752,,,,,,,,,,,
124,2023,20230321,STW,2117,19,Fixed Hook,2B,112,St. James,Standard Grid,11-Jun-23,Y,,52.51900,-130.03350,154,52.48230,-130.03330,148,52.5007,-130.0333,149,52.500,-130.033,23,6,448,53,8,8,97,7.79,564,,,,,,,,,,,
125,2023,20230322,STW,2111,20,Fixed Hook,2B,112,St. James,Standard Grid,11-Jun-23,Y,,52.31480,-130.05000,124,52.35220,-130.04980,140,52.3335,-130.0498,130,52.333,-130.050,24,9,712,66,8,8,97,7.79,679,,,,,,,,,,,
126,2023,20230323,STW,2112,21,Fixed Hook,2B,112,St. James,Standard Grid,11-Jun-23,Y,,52.35250,-130.31670,190,52.31500,-130.31630,204,52.3337,-130.3165,197,52.333,-130.317,1,1,18,10,8,8,98,7.87,842,,,,,,,,,,,
127,2023,20230324,STW,2100,22,Fixed Hook,2B,102,St. James,Standard Grid,12-Jun-23,Y,,52.14770,-128.95000,95,52.18450,-128.94980,71,52.1660,-128.9498,88,52.167,-128.950,22,64,520,475,8,8,99,7.95,444,,,,,,,,,,,
128,2023,20230325,STW,2276,23,Fixed Hook,2B,102,St. James,Standard Grid,12-Jun-23,Y,,52.31420,-128.95000,32,52.35270,-128.95000,21,52.3335,-128.9500,28,52.333,-128.950,25,20,709,162,8,8,99,7.95,603,,,,,,,,,,,
129,2023,20230326,STW,2267,24,Fixed Hook,2B,92,Goose Is.,Standard Grid,13-Jun-23,Y,,51.64750,-127.91670,183,51.68370,-127.91680,187,51.6657,-127.9167,185,51.666,-127.915,28,11,589,88,8,8,97,7.79,463,,,,,,,,,,,
130,2023,20230327,STW,2270,25,Fixed Hook,2B,92,Goose Is.,Standard Grid,13-Jun-23,Y,,51.81450,-127.91650,182,51.85180,-127.91670,141,51.8332,-127.9165,172,51.833,-127.915,17,5,289,28,8,8,98,7.87,455,,,,,,,,,,,
131,2023,20230328,STW,2272,26,Fixed Hook,2B,92,Goose Is.,Standard Grid,14-Jun-23,Y,,52.17330,-126.86470,147,52.14970,-126.82050,156,52.1615,-126.8425,126,52.165,-126.841,1,0,65,0,8,8,99,7.95,427,,,,,,,,,,,
132,2023,20230329,STW,2275,27,Fixed Hook,2B,92,Goose Is.,Standard Grid,14-Jun-23,Y,,52.32870,-127.06670,215,52.33000,-127.04170,279,52.3293,-127.0542,197,52.332,-127.103,4,2,131,16,8,8,99,7.95,524,,,,,,,,,,,
133,2023,20230330,STW,2268,28,Fixed Hook,2B,91,Goose Is.,Standard Grid,15-Jun-23,Y,,51.67420,-128.18370,53,51.63930,-128.18330,34,51.6567,-128.1835,33,51.667,-128.183,16,17,370,129,8,8,96,7.71,427,,,,,,,,,,,
134,2023,20230331,STW,2065,29,Fixed Hook,2B,91,Goose Is.,Standard Grid,15-Jun-23,Y,,51.48070,-128.18350,49,51.51880,-128.18330,38,51.4997,-128.1833,45,51.500,-128.183,26,21,617,139,8,8,97,7.79,593,,,,,,,,,,,
135,2023,20230332,STW,2059,30,Fixed Hook,2B,91,Goose Is.,Standard Grid,16-Jun-23,Y,,51.31350,-128.45000,76,51.34570,-128.45000,75,51.3297,-128.4500,82,51.333,-128.450,19,86,229,705,8,8,97,7.79,511,,,,,,,,,,,
136,2023,20230333,STW,2052,31,Fixed Hook,2B,91,Goose Is.,Standard Grid,16-Jun-23,Y,,51.18650,-128.46680,111,51.14780,-128.46670,102,51.1672,-128.4668,106,51.167,-128.467,9,8,119,64,8,8,97,7.79,659,,,,,,,,,,,
137,2023,20230334,STW,2051,32,Fixed Hook,2B,91,Goose Is.,Standard Grid,16-Jun-23,Y,,51.18570,-128.19980,41,51.14850,-128.20000,75,51.1672,-128.1998,58,51.167,-128.200,12,16,390,116,8,8,98,7.87,776,,,,,,,,,,,
138,2023,20230335,STW,2055,33,Fixed Hook,2B,91,Goose Is.,Standard Grid,20-Jun-23,Y,,51.18550,-129.26700,167,51.14830,-129.26670,122,51.1668,-129.2668,149,51.167,-129.267,9,11,175,93,8,8,99,7.95,566,,,,,,,,,,,
139,2023,20230336,STW,2054,34,Fixed Hook,2B,91,Goose Is.,Standard Grid,20-Jun-23,Y,,51.18480,-129.00000,75,51.14780,-129.00000,72,51.1663,-129.0000,74,51.167,-129.000,13,61,195,453,8,8,99,7.95,682,,,,,,,,,,,
140,2023,20230337,STW,2061,35,Fixed Hook,2B,91,Goose Is.,Standard Grid,20-Jun-23,Y,,51.37520,-128.98320,121,51.34000,-128.98320,135,51.3575,-128.9832,126,51.333,-128.983,8,25,144,194,8,8,100,8.03,780,,,,,,,,,,,
141,2023,20230338,STW,2062,36,Fixed Hook,2B,91,Goose Is.,Standard Grid,21-Jun-23,Y,,51.35150,-129.25000,114,51.31530,-129.25000,146,51.3335,-129.2500,133,51.333,-129.250,10,15,122,129,8,8,100,8.03,502,,,,,,,,,,,
142,2023,20230339,STW,2063,37,Fixed Hook,2B,102,Goose Is.,Standard Grid,21-Jun-23,N,DO,51.35220,-129.51670,99,51.31430,-129.51670,121,51.3332,-129.5167,112,51.333,-129.517,8,8,177,70,8,8,99,7.95,612,,,,,,,,,,,
143,2023,20230340,STW,2070,38,Fixed Hook,2B,102,Goose Is.,Standard Grid,21-Jun-23,N,DO,51.51930,-129.51650,51,51.48380,-129.51670,62,51.5015,-129.5165,55,51.500,-129.517,65,17,"1,910",145,8,7,99,6.66,787,,,,,,,,,,,
144,2023,20230341,STW,2077,39,Fixed Hook,2B,102,Goose Is.,Standard Grid,22-Jun-23,Y,,51.68470,-129.78370,169,51.64670,-129.78300,112,51.6657,-129.7833,138,51.667,-129.783,11,3,259,19,8,8,98,7.87,478,,,,,,,,,,,
145,2023,20230342,STW,2071,40,Fixed Hook,2B,102,Goose Is.,Standard Grid,22-Jun-23,Y,,51.51870,-129.78330,92,51.48580,-129.78330,96,51.5022,-129.7833,95,51.500,-129.783,56,4,"1,373",41,8,8,98,7.87,702,,,,,,,,,,,
146,2023,20230343,STW,2072,41,Fixed Hook,2B,102,Goose Is.,Standard Grid,22-Jun-23,Y,,51.51930,-130.04970,138,51.48280,-130.05000,220,51.5012,-130.0498,169,51.500,-130.050,40,3,"1,080",25,8,8,98,7.87,866,,,,,,,,,,,
147,2023,20230344,STW,2064,42,Fixed Hook,2B,102,Goose Is.,Standard Grid,23-Jun-23,Y,,51.35150,-129.78380,130,51.31320,-129.78350,144,51.3323,-129.7837,136,51.333,-129.783,10,4,197,27,8,8,98,7.87,548,,,,,,,,,,,
148,2023,20230345,STW,2265,43,Fixed Hook,2B,100,Goose Is.,Standard Grid,23-Jun-23,Y,,51.35220,-130.05030,180,51.31230,-130.05020,187,51.3322,-130.0503,180,51.334,-130.050,27,4,705,31,8,8,98,7.87,732,,,,,,,,,,,
149,2023,20230346,STW,2262,44,Fixed Hook,2B,100,Goose Is.,Standard Grid,23-Jun-23,Y,,51.18520,-130.05020,335,51.14750,-130.05020,393,51.1663,-130.0502,357,51.167,-130.049,0,0,0,0,8,8,97,7.79,861,,,,,,,,,,,
150,2023,20230347,STW,2056,45,Fixed Hook,2B,100,Goose Is.,Standard Grid,24-Jun-23,N,DS,51.18680,-129.53330,156,51.15150,-129.53370,158,51.1692,-129.5335,157,51.167,-129.533,13,10,179,82,8,8,97,7.79,471,,,,,,,,,,,
151,2023,20230348,STW,2263,46,Fixed Hook,2B,100,Goose Is.,Standard Grid,24-Jun-23,N,DS,51.18550,-129.78330,316,51.14720,-129.78300,288,51.1663,-129.7832,305,51.167,-129.783,0,0,0,0,8,8,95,7.63,637,,,,,,,,,,,
152,2023,20230349,STW,2261,47,Fixed Hook,2B,100,Goose Is.,Standard Grid,24-Jun-23,N,DS,51.02470,-129.76850,247,50.98820,-129.76830,256,51.0063,-129.7685,251,51.000,-129.798,0,0,0,0,8,8,98,7.87,938,,,,,,,,,,,
153,2023,20230350,STW,2050,48,Fixed Hook,2B,90,Goose Is.,Standard Grid,25-Jun-23,N,DS,51.01780,-129.53370,145,50.98020,-129.53330,131,50.9990,-129.5335,135,51.000,-129.533,1,2,14,17,8,8,99,7.95,715,,,,,,,,,,,
154,2023,20230351,STW,2258,49,Fixed Hook,2B,90,Goose Is.,Standard Grid,25-Jun-23,N,MS,50.90770,-129.53330,117,50.86970,-129.53320,180,50.8887,-129.5333,112,50.834,-129.533,3,2,53,19,8,8,99,7.95,216,,,,,,,,,,,
155,2023,20230352,STW,2258,50,Fixed Hook,2B,90,Goose Is.,Standard Grid,25-Jun-23,Y,,50.90000,-129.53330,105,50.86230,-129.53280,124,50.8812,-129.5330,109,50.834,-129.533,27,7,793,64,8,8,99,7.95,672,,,,,,,,,,,
156,2023,20230353,STW,2045,51,Fixed Hook,2B,90,Goose Is.,Standard Grid,25-Jun-23,Y,,50.85250,-129.26670,66,50.81620,-129.26650,73,50.8343,-129.2667,68,50.833,-129.267,5,5,106,38,8,8,97,7.79,837,,,,,,,,,,,
157,2023,20230354,STW,2049,52,Fixed Hook,2B,90,Goose Is.,Standard Grid,26-Jun-23,Y,,51.01930,-129.26670,91,50.98020,-129.26670,87,50.9998,-129.2667,88,51.000,-129.267,1,12,10,68,8,8,95,7.63,493,,,,,,,,,,,
158,2023,20230355,STW,2048,53,Fixed Hook,2B,91,Goose Is.,Standard Grid,26-Jun-23,N,GI,51.01920,-129.00000,48,50.97930,-128.99980,45,50.9992,-129.0000,46,51.000,-129.000,7,27,147,163,8,8,94,7.55,608,,,,,,,,,,,
159,2023,20230356,STW,2044,54,Fixed Hook,2B,90,Goose Is.,Standard Grid,26-Jun-23,Y,,50.85300,-128.99950,40,50.81150,-128.99950,55,50.8323,-128.9995,48,50.833,-129.000,23,20,771,143,8,8,98,7.87,790,,,,,,,,,,,
160,2023,20230395,PEN,3005,62,Fixed Hook,2B,142,Charlotte,Standard Grid,24-Jun-23,Y,,54.51750,-133.16630,80,54.47250,-133.16620,127,54.4950,-133.1662,116,54.500,-133.167,40,27,"1,014",205,8,8,99,7.95,490,,,,,,,,,,,
161,2023,20230396,PEN,2166,63,Fixed Hook,2B,135,Charlotte,Standard Grid,24-Jun-23,Y,,54.34500,-133.12500,252,54.32050,-133.17270,258,54.3327,-133.1488,255,54.333,-133.150,8,2,342,18,8,8,99,7.95,658,,,,,,,,,,,
162,2023,20230397,PEN,2167,64,Fixed Hook,2B,131,Charlotte,Standard Grid,24-Jun-23,Y,,54.33300,-133.39320,136,54.33400,-133.45950,127,54.3335,-133.4263,129,54.333,-133.433,30,19,870,125,8,8,98,7.87,794,,,,,,,,,,,
163,2023,20230398,PEN,2168,65,Fixed Hook,2B,131,Charlotte,Standard Grid,25-Jun-23,Y,,54.33400,-133.68300,138,54.33320,-133.74630,136,54.3337,-133.7147,136,54.333,-133.717,40,37,802,305,8,8,99,7.95,501,,,,,,,,,,,
164,2023,20230399,PEN,2330,66,Fixed Hook,2B,131,Charlotte,Standard Grid,25-Jun-23,N,DS,54.19030,-133.71650,130,54.15250,-133.71570,155,54.1715,-133.7162,133,54.167,-133.717,68,26,"1,465",196,8,8,100,8.03,639,,,,,,,,,,,
165,2023,20230400,PEN,2157,67,Fixed Hook,2B,131,Charlotte,Standard Grid,25-Jun-23,Y,,54.16600,-133.46550,210,54.16630,-133.40530,221,54.1662,-133.4353,217,54.167,-133.433,9,6,200,47,8,8,99,7.95,774,,,,,,,,,,,
166,2023,20230401,PEN,2151,68,Fixed Hook,2B,130,Charlotte,Standard Grid,26-Jun-23,Y,,54.00070,-133.43950,46,53.99950,-133.37250,41,54.0002,-133.4060,42,54.000,-133.417,52,72,"1,169",518,8,8,99,7.95,460,,,,,,,,,,,
167,2023,20230402,PEN,2323,69,Fixed Hook,2B,130,Charlotte,Standard Grid,26-Jun-23,N,DO,53.99980,-133.21620,25,54.00030,-133.15130,14,54.0002,-133.1837,20,54.000,-133.133,30,29,963,216,8,8,99,7.95,559,,,,,,,,,,,
168,2023,20230403,PEN,2321,70,Fixed Hook,2B,130,Charlotte,Standard Grid,26-Jun-23,Y,,53.83400,-133.36650,114,53.83350,-133.43300,165,53.8338,-133.3997,131,53.834,-133.417,51,40,"1,062",278,8,8,98,7.87,683,,,,,,,,,,,
169,2023,20230404,PEN,2293,71,Fixed Hook,2B,120,Charlotte,Standard Grid,27-Jun-23,Y,,52.99970,-132.54850,183,52.99980,-132.48770,120,52.9997,-132.5182,203,53.000,-132.538,7,12,283,87,8,8,98,7.87,739,,,,,,,,,,,
170,2023,20230405,PEN,2290,72,Fixed Hook,2B,120,Charlotte,Standard Grid,27-Jun-23,Y,,53.01800,-132.32730,110,53.00200,-132.27130,61,53.0100,-132.2993,105,53.000,-132.260,25,20,618,155,8,8,99,7.95,439,,,,,,,,,,,
171,2023,20230406,PEN,2144,73,Fixed Hook,2B,130,Charlotte,Standard Grid,28-Jun-23,Y,,53.32370,-133.09980,147,53.36080,-133.09930,113,53.3423,-133.0995,122,53.333,-133.100,36,6,"1,222",43,8,8,99,7.95,760,,,,,,,,,,,
172,2023,20230407,PEN,2143,74,Fixed Hook,2B,130,Charlotte,Standard Grid,28-Jun-23,Y,,53.33320,-132.84880,81,53.33300,-132.78580,59,53.3330,-132.8173,76,53.333,-132.817,44,67,"1,327",472,8,8,100,8.03,425,,,,,,,,,,,
173,2023,20230408,PEN,2146,75,Fixed Hook,2B,130,Charlotte,Standard Grid,29-Jun-23,Y,,53.48780,-133.09950,210,53.52550,-133.10020,130,53.5067,-133.0998,194,53.500,-133.100,10,11,236,77,8,8,100,8.03,440,,,,,,,,,,,
174,2023,20230409,PEN,2149,76,Fixed Hook,2B,130,Charlotte,Standard Grid,29-Jun-23,Y,,53.66670,-133.15120,53,53.66670,-133.08600,70,53.6667,-133.1187,74,53.667,-133.117,42,52,"1,315",366,8,8,101,8.11,590,,,,,,,,,,,
175,2023,20230410,VNI,2214,46,Fixed Hook,2B,70,Vancouver Outside,Standard Grid,25-Jun-23,Y,,48.84950,-126.62970,305,48.81170,-126.62720,285,48.8307,-126.6283,286,48.834,-126.633,1,0,16,0,8,8,99,7.95,475,,,,,,,,,,,
176,2023,20230411,VNI,2015,47,Fixed Hook,2B,60,Vancouver Outside,Standard Grid,25-Jun-23,Y,,48.83280,-126.41230,98,48.83280,-126.35150,96,48.8328,-126.3818,97,48.833,-126.383,0,1,0,9,8,8,100,8.03,609,,,,,,,,,,,
177,2023,20230412,VNI,2210,48,Fixed Hook,2B,60,Vancouver Outside,Standard Grid,25-Jun-23,Y,,48.66630,-126.32180,240,48.66670,-126.37900,368,48.6665,-126.3503,304,48.667,-126.383,0,0,0,0,8,8,99,7.95,743,,,,,,,,,,,
178,2023,20230413,VNI,2006,49,Fixed Hook,2B,60,Vancouver Outside,Standard Grid,26-Jun-23,Y,,48.49900,-126.15900,124,48.49930,-126.09700,103,48.4992,-126.1280,109,48.500,-126.133,6,2,91,12,8,8,98,7.87,431,,,,,,,,,,,
179,2023,20230414,VNI,2005,50,Fixed Hook,2B,60,Vancouver Outside,Standard Grid,26-Jun-23,Y,,48.50030,-125.90880,59,48.50000,-125.84980,56,48.5002,-125.8793,57,48.500,-125.883,2,2,35,15,8,8,99,7.95,562,,,,,,,,,,,
180,2023,20230415,VNI,2205,51,Fixed Hook,2B,60,Vancouver Outside,Standard Grid,26-Jun-23,Y,,48.36230,-126.07320,240,48.36170,-126.12820,231,48.3620,-126.1007,222,48.334,-126.133,7,0,157,0,8,8,99,7.95,665,,,,,,,,,,,
181,2023,20230416,VNI,2002,52,Fixed Hook,2B,60,Vancouver Outside,Standard Grid,27-Jun-23,Y,,48.33330,-125.89880,232,48.33330,-125.84020,92,48.3333,-125.8695,170,48.333,-125.883,31,67,413,557,8,8,99,7.95,435,,,,,,,,,,,
182,2023,20230417,VNI,2001,53,Fixed Hook,2B,60,Vancouver Outside,Standard Grid,27-Jun-23,Y,,48.33420,-125.65820,77,48.33320,-125.59700,78,48.3337,-125.6275,76,48.333,-125.633,0,0,0,0,8,8,100,8.03,542,,,,,,,,,,,
183,2023,20230418,VNI,2004,54,Fixed Hook,2B,60,Vancouver Outside,Standard Grid,27-Jun-23,Y,,48.49830,-125.60630,74,48.49870,-125.66720,52,48.4985,-125.6367,57,48.500,-125.633,15,10,230,67,8,8,100,8.03,663,,,,,,,,,,,
184,2023,20230419,VNI,2010,55,Fixed Hook,2B,60,Vancouver Outside,Standard Grid,28-Jun-23,Y,,48.66650,-125.85150,40,48.66600,-125.91480,44,48.6663,-125.8832,40,48.667,-125.883,19,64,261,501,8,8,99,7.95,433,,,,,,,,,,,
185,2023,20230420,VNI,2011,56,Fixed Hook,2B,60,Vancouver Outside,Standard Grid,28-Jun-23,Y,,48.66620,-126.10520,73,48.66680,-126.16270,84,48.6665,-126.1338,78,48.667,-126.133,2,2,24,16,8,8,100,8.03,550,,,,,,,,,,,
186,2023,20230421,VNI,2014,57,Fixed Hook,2B,60,Vancouver Outside,Standard Grid,28-Jun-23,Y,,48.83270,-126.15930,64,48.83230,-126.10300,53,48.8325,-126.1312,58,48.833,-126.133,2,15,26,96,8,8,100,8.03,652,,,,,,,,,,,
187,2023,20230422,PEN,2135,77,Fixed Hook,2B,112,Charlotte,Standard Grid,02-Jul-23,Y,,52.99980,-130.27270,118,52.99970,-130.33430,109,52.9997,-130.3035,113,53.000,-130.300,10,3,212,20,8,8,98,7.87,476,,,,,,,,,,,
188,2023,20230423,PEN,2137,78,Fixed Hook,2B,112,Charlotte,Standard Grid,02-Jul-23,Y,,53.15150,-130.27030,98,53.15150,-130.20780,45,53.1515,-130.2390,67,53.167,-130.300,10,20,362,145,8,8,99,7.95,588,,,,,,,,,,,
189,2023,20230424,PEN,2299,79,Fixed Hook,2B,112,Charlotte,Standard Grid,02-Jul-23,Y,,53.17120,-130.06480,36,53.17100,-130.00030,31,53.1712,-130.0325,45,53.167,-130.033,52,63,"1,275",491,8,8,101,8.11,693,,,,,,,,,,,
190,2023,20230425,PEN,2140,80,Fixed Hook,2B,121,Charlotte,Standard Grid,03-Jul-23,Y,,53.33320,-130.26050,57,53.33330,-130.32150,68,53.3333,-130.2910,61,53.333,-130.300,45,31,"1,031",209,8,8,100,8.03,443,,,,,,,,,,,
191,2023,20230426,PEN,2141,81,Fixed Hook,2B,121,Charlotte,Standard Grid,03-Jul-23,Y,,53.33300,-130.60570,90,53.33350,-130.54050,28,53.3332,-130.5732,41,53.333,-130.583,59,81,"1,464",612,8,8,98,7.87,535,,,,,,,,,,,
192,2023,20230427,PEN,2158,82,Fixed Hook,2B,134,Charlotte,Standard Grid,04-Jul-23,Y,,54.33350,-130.54830,46,54.33300,-130.61430,86,54.3332,-130.5813,58,54.333,-130.583,8,30,327,209,8,8,99,7.95,463,,,,,,,,,,,
193,2023,20230428,PEN,2169,83,Fixed Hook,2B,134,Charlotte,Standard Grid,04-Jul-23,Y,,54.47620,-130.58380,55,54.51370,-130.58220,73,54.4948,-130.5830,59,54.500,-130.583,14,32,399,217,8,8,99,7.95,588,,,,,,,,,,,
194,2023,20230429,PEN,2333,84,Fixed Hook,2B,134,Charlotte,Standard Grid,04-Jul-23,Y,,54.49820,-130.81720,33,54.53030,-130.77920,45,54.5143,-130.7982,40,54.500,-130.863,12,26,399,175,8,8,101,8.11,662,,,,,,,,,,,
195,2023,20230430,PEN,2334,85,Fixed Hook,2B,134,Charlotte,Standard Grid,05-Jul-23,Y,,54.66130,-130.60700,174,54.67450,-130.54930,186,54.6680,-130.5782,138,54.667,-130.583,27,8,512,48,8,8,99,7.95,621,,,,,,,,,,,
196,2023,20230431,PEN,2335,86,Fixed Hook,2B,134,Charlotte,Standard Grid,05-Jul-23,Y,,55.00930,-129.99850,49,54.97630,-130.05430,138,54.9928,-130.0263,108,54.999,-130.006,23,32,800,224,8,8,100,8.03,702,,,,,,,,,,,
197,2023,20230433,PEN,3210,88,Fixed Hook,2B,142,Charlotte,Standard Grid,06-Jul-23,Y,,55.31000,-129.97430,141,55.34080,-130.01170,151,55.3255,-129.9930,124,55.332,-130.006,7,14,214,97,8,8,99,7.95,432,,,,,,,,,,,
198,2023,20230582,VNI,3010,73,Fixed Hook,2B,142,Ketchikan,Standard Grid,13-Jul-23,Y,,54.65050,-131.41620,93,54.69170,-131.41930,89,54.6712,-131.4177,107,54.667,-131.417,40,4,"1,299",28,8,8,100,8.03,688,,,,,,,,,,,
199,2023,20230585,VNI,3011,76,Fixed Hook,2B,142,Ketchikan,Standard Grid,14-Jul-23,Y,,54.66780,-131.67130,228,54.66600,-131.73230,208,54.6670,-131.7018,221,54.667,-131.700,8,2,146,15,8,8,99,7.95,696,,,,,,,,,,,
200,2023,20230586,VNI,3012,77,Fixed Hook,2B,142,Ketchikan,Standard Grid,14-Jul-23,Y,,54.64630,-131.97920,108,54.68320,-131.98220,89,54.6647,-131.9807,102,54.667,-131.983,32,12,791,88,8,8,99,7.95,889,,,,,,,,,,,
201,2023,20230587,VNI,3001,78,Fixed Hook,2B,142,Ketchikan,Standard Grid,15-Jul-23,Y,,54.52100,-132.01620,154,54.48470,-132.01470,124,54.5028,-132.0153,146,54.500,-132.017,9,5,372,24,8,8,99,7.95,471,,,,,,,,,,,
202,2023,20230588,VNI,3002,79,Fixed Hook,2B,142,Ketchikan,Standard Grid,15-Jul-23,N,GI,54.48480,-132.29800,201,54.52470,-132.30050,193,54.5047,-132.2992,197,54.500,-132.300,0,0,0,0,8,0,99,0.40,628,,,,,,,,,,,
203,2023,20230589,VNI,3013,80,Fixed Hook,2B,142,Ketchikan,Standard Grid,15-Jul-23,Y,,54.66530,-132.30970,60,54.66650,-132.23850,60,54.6658,-132.2742,59,54.667,-132.283,37,96,651,710,8,8,99,7.95,804,,,,,,,,,,,
204,2023,20230660,VNI,3004,98,Fixed Hook,2B,142,Ketchikan,Standard Grid,24-Jul-23,Y,,54.49930,-132.87080,209,54.49880,-132.83770,208,54.4992,-132.8543,208,54.500,-132.867,1,0,28,0,4,4,99,3.98,373,,,,,,,,,,,
205,2023,20230661,VNI,3003,99,Fixed Hook,2B,142,Ketchikan,Standard Grid,24-Jul-23,Y,,54.49200,-132.58270,193,54.50920,-132.58300,206,54.5007,-132.5828,203,54.500,-132.583,3,1,152,5,4,4,98,3.93,439,,,,,,,,,,,
206,2023,20230719,STW,2264,56,Fixed Hook,2B,92,Goose Is.,Standard Grid,30-Jun-23,Y,,51.33020,-127.67880,61,51.32950,-127.61600,96,51.3298,-127.6473,78,51.333,-127.650,11,2,341,15,8,8,100,8.03,519,,,,,,,,,,,
207,2023,20230720,STW,2078,57,Fixed Hook,2B,91,Goose Is.,Standard Grid,01-Jul-23,Y,,51.85220,-128.43320,72,51.81450,-128.43320,87,51.8333,-128.4332,88,51.833,-128.433,3,2,49,16,8,8,101,8.11,503,,,,,,,,,,,
208,2023,20230721,STW,2079,58,Fixed Hook,2B,102,Goose Is.,Standard Grid,01-Jul-23,Y,,51.81420,-128.70000,42,51.85380,-128.70000,73,51.8340,-128.7000,57,51.833,-128.700,9,51,114,318,8,8,99,7.95,591,,,,,,,,,,,
209,2023,20230722,STW,2083,59,Fixed Hook,2B,102,Goose Is.,Standard Grid,01-Jul-23,Y,,51.98120,-128.69970,87,52.02030,-128.70000,93,52.0008,-128.6998,90,52.000,-128.700,27,71,403,512,8,8,99,7.95,720,,,,,,,,,,,
210,2023,20230723,STW,2086,60,Fixed Hook,2B,102,Goose Is.,Standard Grid,02-Jul-23,Y,,52.18520,-128.68350,136,52.14630,-128.68370,117,52.1657,-128.6837,119,52.167,-128.683,12,7,205,52,8,8,100,8.03,599,,,,,,,,,,,
211,2023,20230724,STW,2084,61,Fixed Hook,2B,102,Goose Is.,Standard Grid,02-Jul-23,Y,,52.01880,-128.96680,93,51.98230,-128.96650,66,52.0005,-128.9667,80,52.000,-128.967,23,77,309,604,8,8,99,7.95,702,,,,,,,,,,,
212,2023,20230725,STW,2101,62,Fixed Hook,2B,102,St. James,Standard Grid,02-Jul-23,Y,,52.14780,-129.23320,90,52.18700,-129.23330,93,52.1675,-129.2332,93,52.167,-129.233,1,9,15,73,8,8,100,8.03,873,,,,,,,,,,,
213,2023,20230726,STW,2102,63,Fixed Hook,2B,102,St. James,Standard Grid,03-Jul-23,Y,,52.20370,-129.43620,88,52.16350,-129.41630,96,52.1837,-129.4263,92,52.167,-129.500,15,6,219,57,8,8,100,8.03,617,,,,,,,,,,,
214,2023,20230727,STW,2109,64,Fixed Hook,2B,102,St. James,Standard Grid,03-Jul-23,Y,,52.35380,-129.48470,71,52.31250,-129.48250,95,52.3332,-129.4837,88,52.333,-129.500,10,7,161,56,8,8,99,7.95,695,,,,,,,,,,,
215,2023,20230728,STW,2110,65,Fixed Hook,2B,102,St. James,Standard Grid,03-Jul-23,Y,,52.31680,-129.80550,114,52.35500,-129.80600,117,52.3360,-129.8058,115,52.333,-129.767,13,22,201,157,8,8,100,8.03,852,,,,,,,,,,,
216,2023,20230729,STW,2278,66,Fixed Hook,2B,102,St. James,Standard Grid,04-Jul-23,Y,,52.51900,-129.21650,82,52.47880,-129.21670,45,52.4988,-129.2165,59,52.500,-129.217,11,14,217,104,8,8,99,7.95,435,,,,,,,,,,,
217,2023,20230730,STW,2108,67,Fixed Hook,2B,102,St. James,Standard Grid,04-Jul-23,Y,,52.31450,-129.21680,87,52.35250,-129.21680,73,52.3335,-129.2168,81,52.333,-129.217,43,75,630,621,8,8,99,7.95,543,,,,,,,,,,,
218,2023,20230731,STW,2073,68,Fixed Hook,2B,91,Goose Is.,Standard Grid,05-Jul-23,Y,,51.68500,-128.43330,81,51.64300,-128.43350,80,51.6640,-128.4335,79,51.667,-128.433,9,9,112,66,8,8,99,7.95,425,,,,,,,,,,,
219,2023,20230732,STW,2066,69,Fixed Hook,2B,91,Goose Is.,Standard Grid,05-Jul-23,Y,,51.51880,-128.44980,102,51.47700,-128.45000,105,51.4980,-128.4498,103,51.500,-128.450,6,6,104,41,8,8,99,7.95,589,,,,,,,,,,,
220,2023,20230733,STW,2058,70,Fixed Hook,2B,91,Goose Is.,Standard Grid,06-Jul-23,Y,,51.35250,-128.18350,64,51.31200,-128.18330,31,51.3322,-128.1835,43,51.333,-128.183,4,22,61,141,8,8,100,8.03,561,,,,,,,,,,,
221,2023,20230734,STW,2053,71,Fixed Hook,2B,91,Goose Is.,Standard Grid,06-Jul-23,Y,,51.18600,-128.73370,62,51.14420,-128.73320,51,51.1650,-128.7335,53,51.167,-128.733,5,41,51,263,8,8,101,8.11,699,,,,,,,,,,,
222,2023,20230735,STW,2046,72,Fixed Hook,2B,91,Goose Is.,Standard Grid,10-Jul-23,Y,,50.98050,-128.46670,53,51.02000,-128.46670,52,51.0002,-128.4667,54,51.000,-128.467,7,33,135,218,8,8,100,8.03,439,,,,,,,,,,,
223,2023,20230736,STW,2047,73,Fixed Hook,2B,91,Goose Is.,Standard Grid,10-Jul-23,Y,,51.02030,-128.73350,39,50.98230,-128.73350,43,51.0013,-128.7335,39,51.000,-128.733,23,35,516,237,8,8,101,8.11,586,,,,,,,,,,,
224,2023,20230737,STW,2257,74,Fixed Hook,2B,91,Goose Is.,Standard Grid,10-Jul-23,Y,,50.85100,-128.73380,31,50.81230,-128.73280,45,50.8317,-128.7333,30,50.833,-128.733,58,16,"1,647",117,8,8,100,8.03,810,,,,,,,,,,,
225,2023,20230738,STW,2089,75,Fixed Hook,2B,102,St. James,Standard Grid,11-Jul-23,Y,,51.85250,-129.78330,124,51.81400,-129.78330,164,51.8332,-129.7833,144,51.833,-129.783,16,9,291,66,8,8,101,8.11,452,,,,,,,,,,,
226,2023,20230739,STW,2095,76,Fixed Hook,2B,102,St. James,Standard Grid,11-Jul-23,Y,,52.01920,-129.78320,64,51.98130,-129.78350,65,52.0002,-129.7833,63,52.000,-129.783,23,35,467,269,8,8,101,8.11,662,,,,,,,,,,,
227,2023,20230740,STW,2113,77,Fixed Hook,2B,112,St. James,Standard Grid,12-Jul-23,Y,,52.31380,-130.58350,94,52.35350,-130.58350,90,52.3337,-130.5835,92,52.333,-130.583,25,13,679,88,8,8,100,8.03,470,,,,,,,,,,,
228,2023,20230741,STW,2119,78,Fixed Hook,2B,112,St. James,Standard Grid,12-Jul-23,Y,,52.48100,-130.58350,64,52.52100,-130.58330,72,52.5010,-130.5835,67,52.500,-130.583,46,41,"1,386",305,8,8,99,7.95,581,,,,,,,,,,,
229,2023,20230742,STW,2118,79,Fixed Hook,2B,112,St. James,Standard Grid,12-Jul-23,Y,,52.48150,-130.31700,150,52.51850,-130.31670,131,52.5000,-130.3168,142,52.500,-130.317,11,2,231,16,8,8,101,7.91,709,,,,,,,,,,,
230,2023,20230743,STW,2124,80,Fixed Hook,2B,112,St. James,Standard Grid,13-Jul-23,Y,,52.64720,-130.58320,91,52.68500,-130.60030,79,52.6662,-130.5918,83,52.667,-130.583,21,7,333,58,8,8,98,7.87,489,,,,,,,,,,,
231,2023,20230744,STW,2123,81,Fixed Hook,2B,112,St. James,Standard Grid,13-Jul-23,Y,,52.64780,-130.31650,123,52.68550,-130.31670,126,52.6667,-130.3165,123,52.667,-130.317,9,2,221,19,8,8,99,7.95,601,,,,,,,,,,,
232,2023,20230745,STW,2126,82,Fixed Hook,2B,112,St. James,Standard Grid,13-Jul-23,Y,,52.81420,-130.31670,117,52.85580,-130.31680,116,52.8350,-130.3168,116,52.833,-130.317,12,1,242,8,8,8,100,8.03,748,,,,,,,,,,,
233,2023,20230746,STW,2121,83,Fixed Hook,2B,112,St. James,Standard Grid,14-Jul-23,Y,,52.68520,-129.76650,114,52.64650,-129.76670,103,52.6658,-129.7665,104,52.667,-129.767,24,7,581,57,8,8,99,7.95,445,,,,,,,,,,,
234,2023,20230747,STW,2116,84,Fixed Hook,2B,102,St. James,Standard Grid,14-Jul-23,Y,,52.53420,-129.73120,87,52.56000,-129.76930,84,52.5472,-129.7503,84,52.530,-129.790,119,54,"2,217",424,8,8,100,8.03,593,,,,,,,,,,,
235,2023,20230748,STW,2115,85,Fixed Hook,2B,102,St. James,Standard Grid,14-Jul-23,Y,,52.48100,-129.53320,62,52.52180,-129.53370,41,52.5015,-129.5333,52,52.500,-129.533,26,64,849,424,8,8,97,7.79,724,,,,,,,,,,,
236,2023,20230749,STW,2085,86,Fixed Hook,2B,102,Goose Is.,Standard Grid,15-Jul-23,Y,,51.98070,-129.22770,98,52.01900,-129.22800,97,51.9998,-129.2278,97,52.000,-129.233,9,9,107,67,8,8,101,8.11,551,,,,,,,,,,,
237,2023,20230750,STW,2081,87,Fixed Hook,2B,102,Goose Is.,Standard Grid,15-Jul-23,Y,,51.81480,-129.23320,67,51.85420,-129.23320,66,51.8345,-129.2332,66,51.833,-129.233,12,44,163,318,8,8,99,7.95,626,,,,,,,,,,,
238,2023,20230751,STW,2082,88,Fixed Hook,2B,102,Goose Is.,Standard Grid,15-Jul-23,Y,,51.81380,-129.51650,136,51.85050,-129.51680,142,51.8322,-129.5167,140,51.833,-129.517,9,0,190,0,8,8,99,7.95,756,,,,,,,,,,,
239,2023,20230752,STW,2069,89,Fixed Hook,2B,102,Goose Is.,Standard Grid,19-Jul-23,Y,,51.50020,-129.22420,25,51.50030,-129.28500,29,51.5003,-129.2547,26,51.500,-129.250,32,43,564,322,8,8,100,8.03,527,,,,,,,,,,,
240,2023,20230753,STW,2075,90,Fixed Hook,2B,102,Goose Is.,Standard Grid,19-Jul-23,N,DS,51.66650,-129.22020,30,51.66670,-129.28150,27,51.6665,-129.2508,31,51.667,-129.250,14,87,192,632,8,8,100,8.03,691,,,,,,,,,,,
241,2023,20230754,STW,2076,91,Fixed Hook,2B,102,Goose Is.,Standard Grid,19-Jul-23,Y,,51.68370,-129.51670,55,51.64900,-129.51620,52,51.6663,-129.5163,53,51.667,-129.517,6,148,71,"1,044",8,8,99,7.95,820,,,,,,,,,,,
242,2023,20230755,STW,2088,92,Fixed Hook,2B,102,St. James,Standard Grid,20-Jul-23,Y,,51.68300,-130.31670,135,51.64770,-130.31670,164,51.6653,-130.3167,146,51.667,-130.317,13,2,234,10,8,8,97,7.79,534,,,,,,,,,,,
243,2023,20230756,STW,2087,93,Fixed Hook,2B,102,St. James,Standard Grid,20-Jul-23,Y,,51.64880,-130.05020,194,51.68330,-130.05030,193,51.6662,-130.0503,194,51.667,-130.050,6,1,102,7,8,8,97,7.79,657,,,,,,,,,,,
244,2023,20230757,STW,2090,94,Fixed Hook,2B,102,St. James,Standard Grid,20-Jul-23,Y,,51.85050,-130.05050,95,51.81250,-130.04930,104,51.8315,-130.0498,99,51.833,-130.050,93,30,"2,187",252,8,8,100,8.03,793,,,,,,,,,,,
245,2023,20230758,STW,2106,95,Fixed Hook,2B,112,St. James,Standard Grid,21-Jul-23,Y,,52.18470,-130.58320,107,52.14930,-130.58380,110,52.1670,-130.5835,107,52.167,-130.583,44,9,"1,010",69,8,8,97,7.79,492,,,,,,,,,,,
246,2023,20230759,STW,2105,96,Fixed Hook,2B,112,St. James,Standard Grid,21-Jul-23,Y,,52.18330,-130.31600,214,52.14650,-130.31720,225,52.1648,-130.3165,223,52.167,-130.317,1,0,25,0,8,8,99,7.95,622,,,,,,,,,,,
247,2023,20230760,STW,2097,97,Fixed Hook,2B,102,St. James,Standard Grid,21-Jul-23,Y,,52.01620,-130.31670,200,51.97820,-130.31670,191,51.9972,-130.3167,193,52.000,-130.317,5,0,188,0,8,8,100,8.03,758,,,,,,,,,,,
248,2023,20230761,STW,2080,98,Fixed Hook,2B,102,Goose Is.,Standard Grid,22-Jul-23,Y,,51.85020,-128.96630,49,51.81130,-128.96680,45,51.8308,-128.9665,46,51.833,-128.967,34,70,630,527,8,8,102,8.19,481,,,,,,,,,,,
249,2023,20230762,STW,2074,99,Fixed Hook,2B,102,Goose Is.,Standard Grid,22-Jul-23,Y,,51.68450,-128.94070,27,51.64520,-128.93950,25,51.6648,-128.9402,25,51.667,-128.983,14,29,310,202,8,8,101,8.11,600,,,,,,,,,,,
250,2023,20230763,STW,2269,100,Fixed Hook,2B,102,Goose Is.,Standard Grid,22-Jul-23,Y,,51.68230,-128.71700,20,51.64520,-128.71720,20,51.6637,-128.7172,19,51.667,-128.717,30,12,856,87,8,8,100,8.03,697,,,,,,,,,,,
251,2023,20230764,STW,2068,101,Fixed Hook,2B,102,Goose Is.,Standard Grid,23-Jul-23,N,DS,51.51870,-128.98180,27,51.47930,-128.98370,30,51.4990,-128.9827,27,51.500,-128.983,44,80,956,610,8,8,97,7.79,487,,,,,,,,,,,
252,2023,20230765,STW,2067,102,Fixed Hook,2B,91,Goose Is.,Standard Grid,23-Jul-23,Y,,51.48320,-128.71670,78,51.51630,-128.71650,26,51.4997,-128.7165,51,51.500,-128.717,22,50,356,331,8,8,97,7.79,586,,,,,,,,,,,
253,2023,20230766,STW,2060,103,Fixed Hook,2B,91,Goose Is.,Standard Grid,23-Jul-23,Y,,51.34250,-128.66170,113,51.36630,-128.67170,120,51.3543,-128.6667,116,51.333,-128.717,12,3,203,21,8,8,100,8.03,758,,,,,,,,,,,
254,2023,20230767,STW,2057,104,Fixed Hook,2B,91,Goose Is.,Standard Grid,24-Jul-23,Y,,51.31700,-127.91700,70,51.35420,-127.91720,73,51.3357,-127.9172,74,51.333,-127.917,7,10,158,70,8,8,99,7.95,"1,088",,,,,,,,,,,
255,2023,20230768,STW,2266,105,Fixed Hook,2B,92,Goose Is.,Standard Grid,24-Jul-23,Y,,51.66720,-127.41080,151,51.66700,-127.35400,125,51.6672,-127.3825,139,51.666,-127.381,10,1,327,7,8,8,98,7.87,458,,,,,,,,,,,
256,2023,20230769,STW,2280,106,Fixed Hook,2B,102,St. James,Standard Grid,28-Jul-23,Y,,52.64470,-129.26650,100,52.68480,-129.26730,28,52.6648,-129.2670,69,52.666,-129.259,8,8,183,51,8,8,99,7.95,428,,,,,,,,,,,
257,2023,20230770,STW,2284,107,Fixed Hook,2B,112,St. James,Standard Grid,28-Jul-23,Y,,52.81620,-129.48370,154,52.85170,-129.48470,90,52.8338,-129.4842,123,52.833,-129.491,25,5,531,43,8,8,99,7.95,567,,,,,,,,,,,
258,2023,20230771,STW,2122,108,Fixed Hook,2B,112,St. James,Standard Grid,29-Jul-23,Y,,52.64780,-130.03370,148,52.68580,-130.03370,145,52.6668,-130.0337,145,52.667,-130.033,4,1,98,4,8,8,98,7.87,465,,,,,,,,,,,
259,2023,20230772,STW,2125,109,Fixed Hook,2B,112,St. James,Standard Grid,29-Jul-23,Y,,52.81380,-130.03350,143,52.85100,-130.03320,142,52.8325,-130.0333,141,52.833,-130.033,4,0,100,0,8,8,99,7.95,615,,,,,,,,,,,
260,2023,20230773,STW,2286,110,Fixed Hook,2B,112,St. James,Standard Grid,29-Jul-23,Y,,52.83330,-129.79470,58,52.83300,-129.73100,90,52.8332,-129.7628,51,52.833,-129.767,112,112,"2,305",943,8,8,99,7.95,779,,,,,,,,,,,
261,2023,20230774,STW,2128,111,Fixed Hook,2B,112,St. James,Standard Grid,30-Jul-23,Y,,52.98120,-130.03320,121,53.01670,-130.03370,80,52.9990,-130.0333,103,53.000,-130.033,38,5,937,44,8,8,99,7.95,509,,,,,,,,,,,
262,2023,20230775,STW,2127,112,Fixed Hook,2B,112,St. James,Standard Grid,30-Jul-23,Y,,53.00000,-129.77970,122,53.00000,-129.71750,106,53.0000,-129.7485,122,53.000,-129.750,3,7,91,52,8,8,98,7.87,627,,,,,,,,,,,
263,2023,20230776,STW,2298,113,Fixed Hook,2B,114,St. James,Standard Grid,30-Jul-23,Y,,53.16080,-129.75950,37,53.18870,-129.70920,105,53.1747,-129.7343,56,53.167,-129.750,15,2,701,19,8,8,98,7.87,737,,,,,,,,,,,
264,2023,20230777,STW,2306,114,Fixed Hook,2B,114,St. James,Standard Grid,31-Jul-23,Y,,53.33470,-129.77050,112,53.31870,-129.72930,117,53.3267,-129.7498,111,53.333,-129.750,13,0,580,0,8,8,98,7.87,525,,,,,,,,,,,
265,2023,20230778,STW,2291,115,Fixed Hook,2B,114,St. James,Standard Grid,31-Jul-23,Y,,52.98070,-129.45080,38,53.01620,-129.47720,20,52.9985,-129.4640,30,53.000,-129.473,11,6,275,40,8,8,99,7.95,600,,,,,,,,,,,
266,2023,20230779,STW,2294,116,Fixed Hook,2B,103,St. James,Standard Grid,01-Aug-23,Y,,53.16950,-128.67550,98,53.16220,-128.61530,102,53.1658,-128.6455,106,53.165,-128.639,5,2,165,13,8,8,98,7.87,452,,,,,,,,,,,
267,2023,20230780,STW,2301,117,Fixed Hook,2B,114,St. James,Standard Grid,01-Aug-23,Y,,53.31800,-128.91650,273,53.35570,-128.91570,151,53.3368,-128.9162,242,53.332,-128.914,9,1,277,10,8,8,98,7.87,569,,,,,,,,,,,
268,2023,20230781,STW,2303,118,Fixed Hook,2B,114,St. James,Standard Grid,02-Aug-23,Y,,53.35120,-129.20000,238,53.31300,-129.19950,246,53.3320,-129.1997,251,53.333,-129.193,12,0,539,0,8,8,98,7.87,495,,,,,,,,,,,
269,2023,20230782,STW,2307,119,Fixed Hook,2B,114,St. James,Standard Grid,02-Aug-23,Y,,53.52570,-129.20030,189,53.48820,-129.20020,196,53.5068,-129.2003,195,53.499,-129.193,1,0,25,0,8,8,99,7.95,540,,,,,,,,,,,